dataset,model,attack_score,metric,point,ci_lower,ci_upper,ci_width,confidence,n_bootstrap,n_members,n_nonmembers
credit_default,logistic_regression,neg_loss,AUC,0.4966907555555555,0.4912316683888889,0.5026250719444445,0.0113934035555556,0.95,50,15000,15000
credit_default,logistic_regression,neg_loss,TPR@1%FPR,0.0088,0.007045,0.0110433333333333,0.0039983333333333,0.95,50,15000,15000
credit_default,logistic_regression,neg_loss,membership_advantage@1%FPR,-0.0011999999999999,-0.0024516666666666,0.0015549999999999,0.0040066666666666,0.95,50,15000,15000
credit_default,logistic_regression,neg_loss,TPR@0.1%FPR,0.0005333333333333,6.666666666666667e-05,0.001385,0.0013183333333333,0.95,50,15000,15000
credit_default,logistic_regression,neg_loss,membership_advantage@0.1%FPR,-0.0004666666666666,-0.0009183333333333,0.0001333333333333,0.0010516666666666,0.95,50,15000,15000
credit_default,logistic_regression,confidence,AUC,0.4949632444444444,0.4905450795,0.5023773231111112,0.0118322436111111,0.95,50,15000,15000
credit_default,logistic_regression,confidence,TPR@1%FPR,0.0095333333333333,0.0078149999999999,0.0112883333333333,0.0034733333333333,0.95,50,15000,15000
credit_default,logistic_regression,confidence,membership_advantage@1%FPR,-0.0004666666666666,-0.0023099999999999,0.0018366666666666,0.0041466666666666,0.95,50,15000,15000
credit_default,logistic_regression,confidence,TPR@0.1%FPR,0.0006,8.166666666666674e-05,0.001385,0.0013033333333333,0.95,50,15000,15000
credit_default,logistic_regression,confidence,membership_advantage@0.1%FPR,-0.0004,-0.0008666666666666,0.0001999999999999,0.0010666666666666,0.95,50,15000,15000
credit_default,logistic_regression,neg_entropy,AUC,0.4949632533333333,0.4905450721666667,0.5023773036666667,0.0118322314999999,0.95,50,15000,15000
credit_default,logistic_regression,neg_entropy,TPR@1%FPR,0.0095333333333333,0.0078149999999999,0.0112883333333333,0.0034733333333333,0.95,50,15000,15000
credit_default,logistic_regression,neg_entropy,membership_advantage@1%FPR,-0.0004666666666666,-0.0023099999999999,0.0018366666666666,0.0041466666666666,0.95,50,15000,15000
credit_default,logistic_regression,neg_entropy,TPR@0.1%FPR,0.0006,8.166666666666674e-05,0.001385,0.0013033333333333,0.95,50,15000,15000
credit_default,logistic_regression,neg_entropy,membership_advantage@0.1%FPR,-0.0004,-0.0008666666666666,0.0001999999999999,0.0010666666666666,0.95,50,15000,15000
credit_default,logistic_regression,modified_entropy,AUC,0.4966907511111111,0.4912316745555555,0.5026250724444445,0.011393397888889,0.95,50,15000,15000
credit_default,logistic_regression,modified_entropy,TPR@1%FPR,0.0088,0.007045,0.0110433333333333,0.0039983333333333,0.95,50,15000,15000
credit_default,logistic_regression,modified_entropy,membership_advantage@1%FPR,-0.0011999999999999,-0.0024516666666666,0.0015549999999999,0.0040066666666666,0.95,50,15000,15000
credit_default,logistic_regression,modified_entropy,TPR@0.1%FPR,0.0005333333333333,6.666666666666667e-05,0.001385,0.0013183333333333,0.95,50,15000,15000
credit_default,logistic_regression,modified_entropy,membership_advantage@0.1%FPR,-0.0004666666666666,-0.0009183333333333,0.0001333333333333,0.0010516666666666,0.95,50,15000,15000
credit_default,random_forest,neg_loss,AUC,0.7584220711111112,0.753176253,0.7638750938333333,0.0106988408333332,0.95,50,15000,15000
credit_default,random_forest,neg_loss,TPR@1%FPR,0.0487317829457364,0.0417398484848484,0.0546832954006638,0.0129434469158153,0.95,50,15000,15000
credit_default,random_forest,neg_loss,membership_advantage@1%FPR,0.0387317829457364,0.0316091498316498,0.0452508402255639,0.013641690393914,0.95,50,15000,15000
credit_default,random_forest,neg_loss,TPR@0.1%FPR,0.0050697674418604,0.00364925,0.0068568014705882,0.0032075514705882,0.95,50,15000,15000
credit_default,random_forest,neg_loss,membership_advantage@0.1%FPR,0.0040697674418604,0.0026467320261437,0.0068165229885057,0.0041697909623619,0.95,50,15000,15000
credit_default,random_forest,confidence,AUC,0.729629308888889,0.7241752227777778,0.7365010102777778,0.0123257875,0.95,50,15000,15000
credit_default,random_forest,confidence,TPR@1%FPR,0.0474488888888888,0.0408854964539007,0.0535432023070097,0.012657705853109,0.95,50,15000,15000
credit_default,random_forest,confidence,membership_advantage@1%FPR,0.0374488888888888,0.0309398703703703,0.0435616176470588,0.0126217472766884,0.95,50,15000,15000
credit_default,random_forest,confidence,TPR@0.1%FPR,0.0049545454545454,0.00364925,0.0065487394957983,0.0028994894957983,0.95,50,15000,15000
credit_default,random_forest,confidence,membership_advantage@0.1%FPR,0.0039545454545454,0.0025612581168831,0.006718576195773,0.0041573180788899,0.95,50,15000,15000
credit_default,random_forest,neg_entropy,AUC,0.729629308888889,0.7241752227777778,0.7365010102777778,0.0123257875,0.95,50,15000,15000
credit_default,random_forest,neg_entropy,TPR@1%FPR,0.0474488888888888,0.0408854964539007,0.0535432023070097,0.012657705853109,0.95,50,15000,15000
credit_default,random_forest,neg_entropy,membership_advantage@1%FPR,0.0374488888888888,0.0309398703703703,0.0435616176470588,0.0126217472766884,0.95,50,15000,15000
credit_default,random_forest,neg_entropy,TPR@0.1%FPR,0.0049545454545454,0.00364925,0.0065487394957983,0.0028994894957983,0.95,50,15000,15000
credit_default,random_forest,neg_entropy,membership_advantage@0.1%FPR,0.0039545454545454,0.0025612581168831,0.006718576195773,0.0041573180788899,0.95,50,15000,15000
credit_default,random_forest,modified_entropy,AUC,0.7584220711111112,0.753176253,0.7638750938333333,0.0106988408333332,0.95,50,15000,15000
credit_default,random_forest,modified_entropy,TPR@1%FPR,0.0487317829457364,0.0417398484848484,0.0546832954006638,0.0129434469158153,0.95,50,15000,15000
credit_default,random_forest,modified_entropy,membership_advantage@1%FPR,0.0387317829457364,0.0316091498316498,0.0452508402255639,0.013641690393914,0.95,50,15000,15000
credit_default,random_forest,modified_entropy,TPR@0.1%FPR,0.0050697674418604,0.00364925,0.0068568014705882,0.0032075514705882,0.95,50,15000,15000
credit_default,random_forest,modified_entropy,membership_advantage@0.1%FPR,0.0040697674418604,0.0026467320261437,0.0068165229885057,0.0041697909623619,0.95,50,15000,15000
credit_default,hist_gradient_boosting,neg_loss,AUC,0.5165283933333333,0.5118453587777778,0.5223927221666667,0.0105473633888888,0.95,50,15000,15000
credit_default,hist_gradient_boosting,neg_loss,TPR@1%FPR,0.0096,0.0077116666666666,0.011955,0.0042433333333333,0.95,50,15000,15000
credit_default,hist_gradient_boosting,neg_loss,membership_advantage@1%FPR,-0.0004,-0.0028216666666666,0.00174,0.0045616666666666,0.95,50,15000,15000
credit_default,hist_gradient_boosting,neg_loss,TPR@0.1%FPR,0.0011333333333333,0.0006816666666666,0.0016,0.0009183333333333,0.95,50,15000,15000
credit_default,hist_gradient_boosting,neg_loss,membership_advantage@0.1%FPR,0.0001333333333333,-0.0004516666666666,0.0008366666666666,0.0012883333333333,0.95,50,15000,15000
credit_default,hist_gradient_boosting,confidence,AUC,0.5023527844444444,0.4968719848888889,0.5085729306111112,0.0117009457222223,0.95,50,15000,15000
credit_default,hist_gradient_boosting,confidence,TPR@1%FPR,0.0093333333333333,0.00746,0.0116516666666666,0.0041916666666666,0.95,50,15000,15000
credit_default,hist_gradient_boosting,confidence,membership_advantage@1%FPR,-0.0006666666666666,-0.0030216666666666,0.0015183333333333,0.0045399999999999,0.95,50,15000,15000
credit_default,hist_gradient_boosting,confidence,TPR@0.1%FPR,0.0011333333333333,0.0006816666666666,0.0016,0.0009183333333333,0.95,50,15000,15000
credit_default,hist_gradient_boosting,confidence,membership_advantage@0.1%FPR,0.0001333333333333,-0.0004516666666666,0.0008366666666666,0.0012883333333333,0.95,50,15000,15000
credit_default,hist_gradient_boosting,neg_entropy,AUC,0.5023527688888889,0.4968719657222222,0.5085729268333332,0.0117009611111109,0.95,50,15000,15000
credit_default,hist_gradient_boosting,neg_entropy,TPR@1%FPR,0.0093333333333333,0.00746,0.0116516666666666,0.0041916666666666,0.95,50,15000,15000
credit_default,hist_gradient_boosting,neg_entropy,membership_advantage@1%FPR,-0.0006666666666666,-0.0030216666666666,0.0015183333333333,0.0045399999999999,0.95,50,15000,15000
credit_default,hist_gradient_boosting,neg_entropy,TPR@0.1%FPR,0.0011333333333333,0.0006816666666666,0.0016,0.0009183333333333,0.95,50,15000,15000
credit_default,hist_gradient_boosting,neg_entropy,membership_advantage@0.1%FPR,0.0001333333333333,-0.0004516666666666,0.0008366666666666,0.0012883333333333,0.95,50,15000,15000
credit_default,hist_gradient_boosting,modified_entropy,AUC,0.5165283911111112,0.5118453551111111,0.522392717888889,0.0105473627777779,0.95,50,15000,15000
credit_default,hist_gradient_boosting,modified_entropy,TPR@1%FPR,0.0096,0.0077116666666666,0.011955,0.0042433333333333,0.95,50,15000,15000
credit_default,hist_gradient_boosting,modified_entropy,membership_advantage@1%FPR,-0.0004,-0.0028216666666666,0.00174,0.0045616666666666,0.95,50,15000,15000
credit_default,hist_gradient_boosting,modified_entropy,TPR@0.1%FPR,0.0011333333333333,0.0006816666666666,0.0016,0.0009183333333333,0.95,50,15000,15000
credit_default,hist_gradient_boosting,modified_entropy,membership_advantage@0.1%FPR,0.0001333333333333,-0.0004516666666666,0.0008366666666666,0.0012883333333333,0.95,50,15000,15000
credit_default,extra_trees,neg_loss,AUC,0.9976632533333334,0.9970954056666668,0.9982598071666666,0.0011644014999999,0.95,50,15000,15000
credit_default,extra_trees,neg_loss,TPR@1%FPR,0.9988,0.9982816666666666,0.9992666666666666,0.000985,0.95,50,15000,15000
credit_default,extra_trees,neg_loss,membership_advantage@1%FPR,0.9888,0.9883483333333332,0.9892,0.0008516666666666,0.95,50,15000,15000
credit_default,extra_trees,neg_loss,TPR@0.1%FPR,0.3654146341463414,0.289295984162896,0.5269721428571428,0.2376761586942468,0.95,50,15000,15000
credit_default,extra_trees,neg_loss,membership_advantage@0.1%FPR,0.3644146341463414,0.2884400169683258,0.5118027586206896,0.2233627416523637,0.95,50,15000,15000
credit_default,extra_trees,confidence,AUC,0.9970697466666668,0.9964196613333332,0.997727844777778,0.0013081834444446,0.95,50,15000,15000
credit_default,extra_trees,confidence,TPR@1%FPR,0.9988,0.9982816666666666,0.9992666666666666,0.000985,0.95,50,15000,15000
credit_default,extra_trees,confidence,membership_advantage@1%FPR,0.9888,0.9883483333333332,0.9892,0.0008516666666666,0.95,50,15000,15000
credit_default,extra_trees,confidence,TPR@0.1%FPR,0.2881153846153846,0.232214945054945,0.3942309210526316,0.1620159759976865,0.95,50,15000,15000
credit_default,extra_trees,confidence,membership_advantage@0.1%FPR,0.2871153846153846,0.2407008064516129,0.3993363305613305,0.1586355241097176,0.95,50,15000,15000
credit_default,extra_trees,neg_entropy,AUC,0.9970697466666668,0.9964196613333332,0.997727844777778,0.0013081834444446,0.95,50,15000,15000
credit_default,extra_trees,neg_entropy,TPR@1%FPR,0.9988,0.9982816666666666,0.9992666666666666,0.000985,0.95,50,15000,15000
credit_default,extra_trees,neg_entropy,membership_advantage@1%FPR,0.9888,0.9883483333333332,0.9892,0.0008516666666666,0.95,50,15000,15000
credit_default,extra_trees,neg_entropy,TPR@0.1%FPR,0.2881153846153846,0.232214945054945,0.3942309210526316,0.1620159759976865,0.95,50,15000,15000
credit_default,extra_trees,neg_entropy,membership_advantage@0.1%FPR,0.2871153846153846,0.2407008064516129,0.3993363305613305,0.1586355241097176,0.95,50,15000,15000
credit_default,extra_trees,modified_entropy,AUC,0.9976632533333334,0.9970954056666668,0.9982598071666666,0.0011644014999999,0.95,50,15000,15000
credit_default,extra_trees,modified_entropy,TPR@1%FPR,0.9988,0.9982816666666666,0.9992666666666666,0.000985,0.95,50,15000,15000
credit_default,extra_trees,modified_entropy,membership_advantage@1%FPR,0.9888,0.9883483333333332,0.9892,0.0008516666666666,0.95,50,15000,15000
credit_default,extra_trees,modified_entropy,TPR@0.1%FPR,0.3654146341463414,0.289295984162896,0.5269721428571428,0.2376761586942468,0.95,50,15000,15000
credit_default,extra_trees,modified_entropy,membership_advantage@0.1%FPR,0.3644146341463414,0.2884400169683258,0.5118027586206896,0.2233627416523637,0.95,50,15000,15000
credit_default,small_mlp,neg_loss,AUC,0.5032664133333333,0.4985139742222221,0.5086073156666666,0.0100933414444444,0.95,50,15000,15000
credit_default,small_mlp,neg_loss,TPR@1%FPR,0.0100666666666666,0.008245,0.0120733333333333,0.0038283333333333,0.95,50,15000,15000
credit_default,small_mlp,neg_loss,membership_advantage@1%FPR,6.666666666666626e-05,-0.0014066666666666,0.0020516666666666,0.0034583333333333,0.95,50,15000,15000
credit_default,small_mlp,neg_loss,TPR@0.1%FPR,0.0006,0.0001333333333333,0.0015699999999999,0.0014366666666666,0.95,50,15000,15000
credit_default,small_mlp,neg_loss,membership_advantage@0.1%FPR,-0.0004,-0.000985,0.0009316666666666,0.0019166666666666,0.95,50,15000,15000
credit_default,small_mlp,confidence,AUC,0.4990097022222222,0.4940537981111111,0.5049313339444444,0.0108775358333333,0.95,50,15000,15000
credit_default,small_mlp,confidence,TPR@1%FPR,0.0098666666666666,0.008305,0.0116,0.0032949999999999,0.95,50,15000,15000
credit_default,small_mlp,confidence,membership_advantage@1%FPR,-0.0001333333333333,-0.0012883333333333,0.0024583333333333,0.0037466666666666,0.95,50,15000,15000
credit_default,small_mlp,confidence,TPR@0.1%FPR,0.0006,0.0001333333333333,0.0015699999999999,0.0014366666666666,0.95,50,15000,15000
credit_default,small_mlp,confidence,membership_advantage@0.1%FPR,-0.0004,-0.000985,0.0009316666666666,0.0019166666666666,0.95,50,15000,15000
credit_default,small_mlp,neg_entropy,AUC,0.4990097177777778,0.4940538298333333,0.504931367,0.0108775371666666,0.95,50,15000,15000
credit_default,small_mlp,neg_entropy,TPR@1%FPR,0.0098666666666666,0.008305,0.0116,0.0032949999999999,0.95,50,15000,15000
credit_default,small_mlp,neg_entropy,membership_advantage@1%FPR,-0.0001333333333333,-0.0012883333333333,0.0024583333333333,0.0037466666666666,0.95,50,15000,15000
credit_default,small_mlp,neg_entropy,TPR@0.1%FPR,0.0006,0.0001333333333333,0.0015699999999999,0.0014366666666666,0.95,50,15000,15000
credit_default,small_mlp,neg_entropy,membership_advantage@0.1%FPR,-0.0004,-0.000985,0.0009316666666666,0.0019166666666666,0.95,50,15000,15000
credit_default,small_mlp,modified_entropy,AUC,0.5032664155555555,0.4985139778333333,0.508607316,0.0100933381666666,0.95,50,15000,15000
credit_default,small_mlp,modified_entropy,TPR@1%FPR,0.0100666666666666,0.008245,0.0120733333333333,0.0038283333333333,0.95,50,15000,15000
credit_default,small_mlp,modified_entropy,membership_advantage@1%FPR,6.666666666666626e-05,-0.0014066666666666,0.0020516666666666,0.0034583333333333,0.95,50,15000,15000
credit_default,small_mlp,modified_entropy,TPR@0.1%FPR,0.0006,0.0001333333333333,0.0015699999999999,0.0014366666666666,0.95,50,15000,15000
credit_default,small_mlp,modified_entropy,membership_advantage@0.1%FPR,-0.0004,-0.000985,0.0009316666666666,0.0019166666666666,0.95,50,15000,15000
covertype,logistic_regression,neg_loss,AUC,0.5003382028257146,0.4993302821581641,0.5017578193780189,0.0024275372198547,0.95,50,290506,290506
covertype,logistic_regression,neg_loss,TPR@1%FPR,0.009824237709376,0.0094055716577282,0.0102746586989597,0.0008690870412315,0.95,50,290506,290506
covertype,logistic_regression,neg_loss,membership_advantage@1%FPR,-0.0001757622906239,-0.0006549262321604,0.0003220759640076,0.000977002196168,0.95,50,290506,290506
covertype,logistic_regression,neg_loss,TPR@0.1%FPR,0.000956950975195,0.0008372460465532,0.0010973095220064,0.0002600634754531,0.95,50,290506,290506
covertype,logistic_regression,neg_loss,membership_advantage@0.1%FPR,-4.304902480499549e-05,-0.0001986396150165,9.765374897592476e-05,0.0002962933639924,0.95,50,290506,290506
covertype,logistic_regression,confidence,AUC,0.5002088261206079,0.4988860848721947,0.5015461329824803,0.0026600481102855,0.95,50,290506,290506
covertype,logistic_regression,confidence,TPR@1%FPR,0.0098380067881558,0.0094471370642947,0.010269667407902,0.0008225303436073,0.95,50,290506,290506
covertype,logistic_regression,confidence,membership_advantage@1%FPR,-0.0001619932118441,-0.0006784197228284,0.000387823315181,0.0010662430380095,0.95,50,290506,290506
covertype,logistic_regression,confidence,TPR@0.1%FPR,0.000956950975195,0.0008372460465532,0.0010973095220064,0.0002600634754531,0.95,50,290506,290506
covertype,logistic_regression,confidence,membership_advantage@0.1%FPR,-4.304902480499549e-05,-0.0001986396150165,9.765374897592476e-05,0.0002962933639924,0.95,50,290506,290506
covertype,logistic_regression,neg_entropy,AUC,0.5007097630501207,0.4992230971932321,0.5020112220996484,0.0027881249064163,0.95,50,290506,290506
covertype,logistic_regression,neg_entropy,TPR@1%FPR,0.0097829304730367,0.0093264855114868,0.0102505628110951,0.0009240772996082,0.95,50,290506,290506
covertype,logistic_regression,neg_entropy,membership_advantage@1%FPR,-0.0002170695269632,-0.0007755777849682,0.0002430758745086,0.0010186536594769,0.95,50,290506,290506
covertype,logistic_regression,neg_entropy,TPR@0.1%FPR,0.0009672777842798,0.0008345782875396,0.0010973095220064,0.0002627312344667,0.95,50,290506,290506
covertype,logistic_regression,neg_entropy,membership_advantage@0.1%FPR,-3.2722215720157235e-05,-0.0001970905936538,9.42114792809787e-05,0.0002913020729348,0.95,50,290506,290506
covertype,logistic_regression,modified_entropy,AUC,0.5002860094733773,0.4992723980163195,0.5017506645266536,0.0024782665103341,0.95,50,290506,290506
covertype,logistic_regression,modified_entropy,TPR@1%FPR,0.0098001418215114,0.009363834137677,0.0102715606562342,0.0009077265185572,0.95,50,290506,290506
covertype,logistic_regression,modified_entropy,membership_advantage@1%FPR,-0.0001998581784885,-0.0007432204498358,0.0004009039400218,0.0011441243898576,0.95,50,290506,290506
covertype,logistic_regression,modified_entropy,TPR@0.1%FPR,0.000956950975195,0.0008292427695125,0.0010973095220064,0.0002680667524939,0.95,50,290506,290506
covertype,logistic_regression,modified_entropy,membership_advantage@0.1%FPR,-4.304902480499549e-05,-0.0001986396150165,9.765374897592476e-05,0.0002962933639924,0.95,50,290506,290506
covertype,random_forest,neg_loss,AUC,0.6995279023293505,0.6982242233438857,0.701073871033199,0.0028496476893132,0.95,50,290506,290506
covertype,random_forest,neg_loss,TPR@1%FPR,0.0314774615129028,0.0306820080277717,0.0320286344123426,0.0013466263845708,0.95,50,290506,290506
covertype,random_forest,neg_loss,membership_advantage@1%FPR,0.0214774615129028,0.0207941005705689,0.022209901620849,0.00141580105028,0.95,50,290506,290506
covertype,random_forest,neg_loss,TPR@0.1%FPR,0.0031477461512902,0.0030911586240375,0.0032241452411848,0.0001329866171473,0.95,50,290506,290506
covertype,random_forest,neg_loss,membership_advantage@0.1%FPR,0.0021477461512902,0.002091213888224,0.00221802361108,0.0001268097228559,0.95,50,290506,290506
covertype,random_forest,confidence,AUC,0.6986312829289756,0.6973218246041852,0.7001105821548596,0.0027887575506743,0.95,50,290506,290506
covertype,random_forest,confidence,TPR@1%FPR,0.0314774615129028,0.0306820080277717,0.0320286344123426,0.0013466263845708,0.95,50,290506,290506
covertype,random_forest,confidence,membership_advantage@1%FPR,0.0214774615129028,0.0207941005705689,0.022209901620849,0.00141580105028,0.95,50,290506,290506
covertype,random_forest,confidence,TPR@0.1%FPR,0.0031477461512902,0.0030911586240375,0.0032241452411848,0.0001329866171473,0.95,50,290506,290506
covertype,random_forest,confidence,membership_advantage@0.1%FPR,0.0021477461512902,0.002091213888224,0.00221802361108,0.0001268097228559,0.95,50,290506,290506
covertype,random_forest,neg_entropy,AUC,0.6996280525584669,0.6982822587987969,0.7011181769529937,0.0028359181541968,0.95,50,290506,290506
covertype,random_forest,neg_entropy,TPR@1%FPR,0.0314774615129028,0.0306820080277717,0.0320286344123426,0.0013466263845708,0.95,50,290506,290506
covertype,random_forest,neg_entropy,membership_advantage@1%FPR,0.0214774615129028,0.0207941005705689,0.022209901620849,0.00141580105028,0.95,50,290506,290506
covertype,random_forest,neg_entropy,TPR@0.1%FPR,0.0031477461512902,0.0030911586240375,0.0032241452411848,0.0001329866171473,0.95,50,290506,290506
covertype,random_forest,neg_entropy,membership_advantage@0.1%FPR,0.0021477461512902,0.002091213888224,0.00221802361108,0.0001268097228559,0.95,50,290506,290506
covertype,random_forest,modified_entropy,AUC,0.6983001502488431,0.6970128492563125,0.6998353057153249,0.0028224564590124,0.95,50,290506,290506
covertype,random_forest,modified_entropy,TPR@1%FPR,0.0314774615129028,0.0306820080277717,0.0320286344123426,0.0013466263845708,0.95,50,290506,290506
covertype,random_forest,modified_entropy,membership_advantage@1%FPR,0.0214774615129028,0.0207941005705689,0.022209901620849,0.00141580105028,0.95,50,290506,290506
covertype,random_forest,modified_entropy,TPR@0.1%FPR,0.0031477461512902,0.0030911586240375,0.0032241452411848,0.0001329866171473,0.95,50,290506,290506
covertype,random_forest,modified_entropy,membership_advantage@0.1%FPR,0.0021477461512902,0.002091213888224,0.00221802361108,0.0001268097228559,0.95,50,290506,290506
covertype,hist_gradient_boosting,neg_loss,AUC,0.5067811146286483,0.5053196126983109,0.5083147656515724,0.0029951529532614,0.95,50,290506,290506
covertype,hist_gradient_boosting,neg_loss,TPR@1%FPR,0.0103924187452238,0.009898848905014,0.0109876388095254,0.0010887899045114,0.95,50,290506,290506
covertype,hist_gradient_boosting,neg_loss,membership_advantage@1%FPR,0.0003924187452238,-5.235692206012931e-05,0.00074779866853,0.0008001555905902,0.95,50,290506,290506
covertype,hist_gradient_boosting,neg_loss,TPR@0.1%FPR,0.0009945652173913,0.0008936599134987,0.0011020790650561,0.0002084191515574,0.95,50,290506,290506
covertype,hist_gradient_boosting,neg_loss,membership_advantage@0.1%FPR,-5.434782608695638e-06,-9.366956827894326e-05,0.0001166891843645,0.0002103587526434,0.95,50,290506,290506
covertype,hist_gradient_boosting,confidence,AUC,0.5020829815251336,0.5004625081145933,0.5036735847581775,0.0032110766435842,0.95,50,290506,290506
covertype,hist_gradient_boosting,confidence,TPR@1%FPR,0.009314781794524,0.0088172877668619,0.0098364577667931,0.0010191699999311,0.95,50,290506,290506
covertype,hist_gradient_boosting,confidence,membership_advantage@1%FPR,-0.0006852182054759,-0.0012309040088672,-0.0004210240063888,0.0008098800024784,0.95,50,290506,290506
covertype,hist_gradient_boosting,confidence,TPR@0.1%FPR,0.0008446069469835,0.0008000046804105,0.0009420742686367,0.0001420695882262,0.95,50,290506,290506
covertype,hist_gradient_boosting,confidence,membership_advantage@0.1%FPR,-0.0001553930530164,-0.0002232026513498,-6.823326369334172e-05,0.0001549693876565,0.95,50,290506,290506
covertype,hist_gradient_boosting,neg_entropy,AUC,0.5025612490885318,0.500774940881686,0.504125502822733,0.0033505619410471,0.95,50,290506,290506
covertype,hist_gradient_boosting,neg_entropy,TPR@1%FPR,0.0093733003793381,0.0089391045279615,0.0098728597688171,0.0009337552408556,0.95,50,290506,290506
covertype,hist_gradient_boosting,neg_entropy,membership_advantage@1%FPR,-0.0006266996206618,-0.0012469966196911,-0.0003583746979408,0.0008886219217503,0.95,50,290506,290506
covertype,hist_gradient_boosting,neg_entropy,TPR@0.1%FPR,0.0008304668304668,0.0007666062752954,0.00092899061669,0.0001623843413946,0.95,50,290506,290506
covertype,hist_gradient_boosting,neg_entropy,membership_advantage@0.1%FPR,-0.0001695331695331,-0.0002321270550185,-8.39950218895636e-05,0.0001481320331289,0.95,50,290506,290506
covertype,hist_gradient_boosting,modified_entropy,AUC,0.5068155603841812,0.5053583270378277,0.5083443931189644,0.0029860660811367,0.95,50,290506,290506
covertype,hist_gradient_boosting,modified_entropy,TPR@1%FPR,0.0103061554666685,0.009807198474386,0.0107488193014946,0.0009416208271085,0.95,50,290506,290506
covertype,hist_gradient_boosting,modified_entropy,membership_advantage@1%FPR,0.0003061554666685,-0.0001271402311828,0.0005876470709727,0.0007147873021555,0.95,50,290506,290506
covertype,hist_gradient_boosting,modified_entropy,TPR@0.1%FPR,0.0009968701095461,0.0009025088189043,0.0011306451950735,0.0002281363761692,0.95,50,290506,290506
covertype,hist_gradient_boosting,modified_entropy,membership_advantage@0.1%FPR,-3.1298904538340847e-06,-9.156250657822415e-05,0.0001300528078275,0.0002216153144057,0.95,50,290506,290506
covertype,extra_trees,neg_loss,AUC,0.9768765533242,0.9765747953570668,0.977138897303326,0.0005641019462592,0.95,50,290506,290506
covertype,extra_trees,neg_loss,TPR@1%FPR,0.2162307406029028,0.2120400734055626,0.2192386445190765,0.0071985711135138,0.95,50,290506,290506
covertype,extra_trees,neg_loss,membership_advantage@1%FPR,0.2062307406029028,0.2046391660336907,0.2091680386741274,0.0045288726404366,0.95,50,290506,290506
covertype,extra_trees,neg_loss,TPR@0.1%FPR,0.0216230740602902,0.02136304856413,0.0218516364628529,0.0004885878987229,0.95,50,290506,290506
covertype,extra_trees,neg_loss,membership_advantage@0.1%FPR,0.0206230740602902,0.0202300010643814,0.0210019049707597,0.0007719039063783,0.95,50,290506,290506
covertype,extra_trees,confidence,AUC,0.9768765533242,0.9765747953570666,0.977138897303326,0.0005641019462593,0.95,50,290506,290506
covertype,extra_trees,confidence,TPR@1%FPR,0.2162307406029028,0.2120400734055626,0.2192386445190765,0.0071985711135138,0.95,50,290506,290506
covertype,extra_trees,confidence,membership_advantage@1%FPR,0.2062307406029028,0.2046391660336907,0.2091680386741274,0.0045288726404366,0.95,50,290506,290506
covertype,extra_trees,confidence,TPR@0.1%FPR,0.0216230740602902,0.02136304856413,0.0218516364628529,0.0004885878987229,0.95,50,290506,290506
covertype,extra_trees,confidence,membership_advantage@0.1%FPR,0.0206230740602902,0.0202300010643814,0.0210019049707597,0.0007719039063783,0.95,50,290506,290506
covertype,extra_trees,neg_entropy,AUC,0.9768765533242,0.9765747953570668,0.977138897303326,0.0005641019462592,0.95,50,290506,290506
covertype,extra_trees,neg_entropy,TPR@1%FPR,0.2162307406029028,0.2120400734055626,0.2192386445190765,0.0071985711135138,0.95,50,290506,290506
covertype,extra_trees,neg_entropy,membership_advantage@1%FPR,0.2062307406029028,0.2046391660336907,0.2091680386741274,0.0045288726404366,0.95,50,290506,290506
covertype,extra_trees,neg_entropy,TPR@0.1%FPR,0.0216230740602902,0.02136304856413,0.0218516364628529,0.0004885878987229,0.95,50,290506,290506
covertype,extra_trees,neg_entropy,membership_advantage@0.1%FPR,0.0206230740602902,0.0202300010643814,0.0210019049707597,0.0007719039063783,0.95,50,290506,290506
covertype,extra_trees,modified_entropy,AUC,0.9768765533241998,0.9765747953570666,0.977138897303326,0.0005641019462593,0.95,50,290506,290506
covertype,extra_trees,modified_entropy,TPR@1%FPR,0.2162307406029028,0.2120400734055626,0.2192386445190765,0.0071985711135138,0.95,50,290506,290506
covertype,extra_trees,modified_entropy,membership_advantage@1%FPR,0.2062307406029028,0.2046391660336907,0.2091680386741274,0.0045288726404366,0.95,50,290506,290506
covertype,extra_trees,modified_entropy,TPR@0.1%FPR,0.0216230740602902,0.02136304856413,0.0218516364628529,0.0004885878987229,0.95,50,290506,290506
covertype,extra_trees,modified_entropy,membership_advantage@0.1%FPR,0.0206230740602902,0.0202300010643814,0.0210019049707597,0.0007719039063783,0.95,50,290506,290506
covertype,small_mlp,neg_loss,AUC,0.5025561758802571,0.5012213366828675,0.5045753410209887,0.0033540043381211,0.95,50,290506,290506
covertype,small_mlp,neg_loss,TPR@1%FPR,0.0106712425905144,0.0100974678664123,0.0111005702119749,0.0010031023455625,0.95,50,290506,290506
covertype,small_mlp,neg_loss,membership_advantage@1%FPR,0.0006712425905144,0.0002284422123237,0.0013376548160795,0.0011092126037557,0.95,50,290506,290506
covertype,small_mlp,neg_loss,TPR@0.1%FPR,0.0011359773371104,0.0009683106641866,0.0013027895927601,0.0003344789285735,0.95,50,290506,290506
covertype,small_mlp,neg_loss,membership_advantage@0.1%FPR,0.0001359773371104,1.4082256870313945e-05,0.0003261396103896,0.0003120573535192,0.95,50,290506,290506
covertype,small_mlp,confidence,AUC,0.5006677984841903,0.4992213514217812,0.502477586384768,0.0032562349629868,0.95,50,290506,290506
covertype,small_mlp,confidence,TPR@1%FPR,0.0106384377603216,0.0101016170922459,0.0110789820175831,0.0009773649253371,0.95,50,290506,290506
covertype,small_mlp,confidence,membership_advantage@1%FPR,0.0006384377603216,0.0002089593674485,0.0012834592917185,0.00107449992427,0.95,50,290506,290506
covertype,small_mlp,confidence,TPR@0.1%FPR,0.0011355932203389,0.0009695879518072,0.0012933390479119,0.0003237510961047,0.95,50,290506,290506
covertype,small_mlp,confidence,membership_advantage@0.1%FPR,0.0001355932203389,1.10287511230907e-05,0.0003192791411042,0.0003082503899812,0.95,50,290506,290506
covertype,small_mlp,neg_entropy,AUC,0.5008506313664012,0.4994025528871479,0.5025503814282875,0.0031478285411394,0.95,50,290506,290506
covertype,small_mlp,neg_entropy,TPR@1%FPR,0.0106194020089085,0.0100963491287615,0.0110629384591023,0.0009665893303408,0.95,50,290506,290506
covertype,small_mlp,neg_entropy,membership_advantage@1%FPR,0.0006194020089085,0.0002259505827762,0.0012175824251478,0.0009916318423715,0.95,50,290506,290506
covertype,small_mlp,neg_entropy,TPR@0.1%FPR,0.0010430077175686,0.0008515314657872,0.0012192519259498,0.0003677204601626,0.95,50,290506,290506
covertype,small_mlp,neg_entropy,membership_advantage@0.1%FPR,4.300771756865604e-05,-0.000120672206426,0.0002154654292854,0.0003361376357114,0.95,50,290506,290506
covertype,small_mlp,modified_entropy,AUC,0.5025407797375925,0.5012335618729225,0.5046024115632742,0.0033688496903517,0.95,50,290506,290506
covertype,small_mlp,modified_entropy,TPR@1%FPR,0.0106951319421974,0.0101210474138227,0.0111244690298995,0.0010034216160767,0.95,50,290506,290506
covertype,small_mlp,modified_entropy,membership_advantage@1%FPR,0.0006951319421974,0.0002268972069423,0.0013242067289487,0.0010973095220064,0.95,50,290506,290506
covertype,small_mlp,modified_entropy,TPR@0.1%FPR,0.0010567767963484,0.000849638217455,0.0012250177276889,0.0003753795102338,0.95,50,290506,290506
covertype,small_mlp,modified_entropy,membership_advantage@0.1%FPR,5.6776796348440234e-05,-0.000117229936731,0.000223898990038,0.0003411289267691,0.95,50,290506,290506
adult_income,logistic_regression,neg_loss,AUC,0.5044702824897707,0.4999518044117728,0.5093322069861551,0.0093804025743823,0.95,50,24421,24421
adult_income,logistic_regression,neg_loss,TPR@1%FPR,0.009786659022972,0.0079439826378936,0.0111420498751074,0.0031980672372138,0.95,50,24421,24421
adult_income,logistic_regression,neg_loss,membership_advantage@1%FPR,-0.0002133409770279,-0.0018553703779534,0.0009321895090291,0.0027875598869825,0.95,50,24421,24421
adult_income,logistic_regression,neg_loss,TPR@0.1%FPR,0.0014310347651611,0.0008791826892652,0.0019671341604902,0.001087951471225,0.95,50,24421,24421
adult_income,logistic_regression,neg_loss,membership_advantage@0.1%FPR,0.0004310347651611,-0.0001297828476752,0.0009325727601244,0.0010623556077997,0.95,50,24421,24421
adult_income,logistic_regression,confidence,AUC,0.503212069763477,0.4986920344915109,0.5085096406669796,0.0098176061754686,0.95,50,24421,24421
adult_income,logistic_regression,confidence,TPR@1%FPR,0.0096228655665206,0.0078805126735186,0.0110376315466197,0.003157118873101,0.95,50,24421,24421
adult_income,logistic_regression,confidence,membership_advantage@1%FPR,-0.0003771344334793,-0.0019464804881045,0.0008052495802792,0.0027517300683837,0.95,50,24421,24421
adult_income,logistic_regression,confidence,TPR@0.1%FPR,0.0009624999999999,0.0008032485177865,0.0011851281075596,0.000381879589773,0.95,50,24421,24421
adult_income,logistic_regression,confidence,membership_advantage@0.1%FPR,-3.75000000000001e-05,-0.0001734649122807,0.000152506802721,0.0003259717150017,0.95,50,24421,24421
adult_income,logistic_regression,neg_entropy,AUC,0.5032127396325021,0.4986922942229551,0.5085095026270109,0.0098172084040557,0.95,50,24421,24421
adult_income,logistic_regression,neg_entropy,TPR@1%FPR,0.0096228655665206,0.0078805126735186,0.0110376315466197,0.003157118873101,0.95,50,24421,24421
adult_income,logistic_regression,neg_entropy,membership_advantage@1%FPR,-0.0003771344334793,-0.0019464804881045,0.0008052495802792,0.0027517300683837,0.95,50,24421,24421
adult_income,logistic_regression,neg_entropy,TPR@0.1%FPR,0.0014310347651611,0.0008791826892652,0.0019671341604902,0.001087951471225,0.95,50,24421,24421
adult_income,logistic_regression,neg_entropy,membership_advantage@0.1%FPR,0.0004310347651611,-0.0001297828476752,0.0009325727601244,0.0010623556077997,0.95,50,24421,24421
adult_income,logistic_regression,modified_entropy,AUC,0.5044698934794732,0.4999519087486942,0.5093301814497787,0.0093782727010844,0.95,50,24421,24421
adult_income,logistic_regression,modified_entropy,TPR@1%FPR,0.009786659022972,0.0079439826378936,0.0111420498751074,0.0031980672372138,0.95,50,24421,24421
adult_income,logistic_regression,modified_entropy,membership_advantage@1%FPR,-0.0002133409770279,-0.0018553703779534,0.0009321895090291,0.0027875598869825,0.95,50,24421,24421
adult_income,logistic_regression,modified_entropy,TPR@0.1%FPR,0.0009752066115702,0.0007771276595744,0.0013711948529411,0.0005940671933667,0.95,50,24421,24421
adult_income,logistic_regression,modified_entropy,membership_advantage@0.1%FPR,-2.4793388429752072e-05,-0.0001813224355647,0.0002338722863112,0.0004151947218759,0.95,50,24421,24421
adult_income,random_forest,neg_loss,AUC,0.6286392984362937,0.624342093837966,0.6339587919983419,0.0096166981603759,0.95,50,24421,24421
adult_income,random_forest,neg_loss,TPR@1%FPR,0.0141473456121343,0.0137876984126984,0.0145630919398815,0.0007753935271831,0.95,50,24421,24421
adult_income,random_forest,neg_loss,membership_advantage@1%FPR,0.0041473456121343,0.0036858223606691,0.0045767263937995,0.0008909040331304,0.95,50,24421,24421
adult_income,random_forest,neg_loss,TPR@0.1%FPR,0.0014147345612134,0.0013696870250545,0.0014590878044302,8.940077937563792e-05,0.95,50,24421,24421
adult_income,random_forest,neg_loss,membership_advantage@0.1%FPR,0.0004147345612134,0.0003660892180329,0.000462249104029,9.615988599615508e-05,0.95,50,24421,24421
adult_income,random_forest,confidence,AUC,0.6129102254225638,0.607647758632243,0.6171982393591796,0.0095504807269366,0.95,50,24421,24421
adult_income,random_forest,confidence,TPR@1%FPR,0.0140984668538112,0.0137369423734525,0.0145154867256637,0.0007785443522111,0.95,50,24421,24421
adult_income,random_forest,confidence,membership_advantage@1%FPR,0.0040984668538112,0.0036348102526537,0.004519752191697,0.0008849419390433,0.95,50,24421,24421
adult_income,random_forest,confidence,TPR@0.1%FPR,0.0014098466853811,0.0013648292814091,0.0014541610611201,8.933177971105874e-05,0.95,50,24421,24421
adult_income,random_forest,confidence,membership_advantage@0.1%FPR,0.0004098466853811,0.0003616908053561,0.0004568611038483,9.51702984922422e-05,0.95,50,24421,24421
adult_income,random_forest,neg_entropy,AUC,0.6129102254225638,0.607647758632243,0.6171982393591796,0.0095504807269366,0.95,50,24421,24421
adult_income,random_forest,neg_entropy,TPR@1%FPR,0.0140984668538112,0.0137369423734525,0.0145154867256637,0.0007785443522111,0.95,50,24421,24421
adult_income,random_forest,neg_entropy,membership_advantage@1%FPR,0.0040984668538112,0.0036348102526537,0.004519752191697,0.0008849419390433,0.95,50,24421,24421
adult_income,random_forest,neg_entropy,TPR@0.1%FPR,0.0014098466853811,0.0013648292814091,0.0014541610611201,8.933177971105874e-05,0.95,50,24421,24421
adult_income,random_forest,neg_entropy,membership_advantage@0.1%FPR,0.0004098466853811,0.0003616908053561,0.0004568611038483,9.51702984922422e-05,0.95,50,24421,24421
adult_income,random_forest,modified_entropy,AUC,0.6286392984362937,0.624342093837966,0.6339587919983419,0.0096166981603759,0.95,50,24421,24421
adult_income,random_forest,modified_entropy,TPR@1%FPR,0.0141473456121343,0.0137876984126984,0.0145630919398815,0.0007753935271831,0.95,50,24421,24421
adult_income,random_forest,modified_entropy,membership_advantage@1%FPR,0.0041473456121343,0.0036858223606691,0.0045767263937995,0.0008909040331304,0.95,50,24421,24421
adult_income,random_forest,modified_entropy,TPR@0.1%FPR,0.0014147345612134,0.0013696870250545,0.0014590878044302,8.940077937563792e-05,0.95,50,24421,24421
adult_income,random_forest,modified_entropy,membership_advantage@0.1%FPR,0.0004147345612134,0.0003660892180329,0.000462249104029,9.615988599615508e-05,0.95,50,24421,24421
adult_income,hist_gradient_boosting,neg_loss,AUC,0.5116927139047024,0.5069597370577787,0.5166433007016684,0.0096835636438896,0.95,50,24421,24421
adult_income,hist_gradient_boosting,neg_loss,TPR@1%FPR,0.0097241445204264,0.007746076919227,0.012301912288604,0.0045558353693769,0.95,50,24421,24421
adult_income,hist_gradient_boosting,neg_loss,membership_advantage@1%FPR,-0.0002758554795735,-0.0017321785894653,0.0020565701650219,0.0037887487544872,0.95,50,24421,24421
adult_income,hist_gradient_boosting,neg_loss,TPR@0.1%FPR,0.0006551738258056,0.0003368002948282,0.0011307458744523,0.000793945579624,0.95,50,24421,24421
adult_income,hist_gradient_boosting,neg_loss,membership_advantage@0.1%FPR,-0.0003448261741943,-0.000581302976946,0.000260185905573,0.0008414888825191,0.95,50,24421,24421
adult_income,hist_gradient_boosting,confidence,AUC,0.5055625068696159,0.5008552217844037,0.5102802762015366,0.0094250544171329,0.95,50,24421,24421
adult_income,hist_gradient_boosting,confidence,TPR@1%FPR,0.0097241445204264,0.007746076919227,0.0123025572253388,0.0045564803061117,0.95,50,24421,24421
adult_income,hist_gradient_boosting,confidence,membership_advantage@1%FPR,-0.0002758554795735,-0.0017321785894653,0.0020565701650219,0.0037887487544872,0.95,50,24421,24421
adult_income,hist_gradient_boosting,confidence,TPR@0.1%FPR,0.0006551738258056,0.0003368002948282,0.0011307458744523,0.000793945579624,0.95,50,24421,24421
adult_income,hist_gradient_boosting,confidence,membership_advantage@0.1%FPR,-0.0003448261741943,-0.000581302976946,0.000260185905573,0.0008414888825191,0.95,50,24421,24421
adult_income,hist_gradient_boosting,neg_entropy,AUC,0.5055625328595279,0.5008552548377031,0.5102803610460239,0.0094251062083208,0.95,50,24421,24421
adult_income,hist_gradient_boosting,neg_entropy,TPR@1%FPR,0.0097241445204264,0.007746076919227,0.012301912288604,0.0045558353693769,0.95,50,24421,24421
adult_income,hist_gradient_boosting,neg_entropy,membership_advantage@1%FPR,-0.0002758554795735,-0.0017321785894653,0.0020565701650219,0.0037887487544872,0.95,50,24421,24421
adult_income,hist_gradient_boosting,neg_entropy,TPR@0.1%FPR,0.0006551738258056,0.0003368002948282,0.0011307458744523,0.000793945579624,0.95,50,24421,24421
adult_income,hist_gradient_boosting,neg_entropy,membership_advantage@0.1%FPR,-0.0003448261741943,-0.000581302976946,0.000260185905573,0.0008414888825191,0.95,50,24421,24421
adult_income,hist_gradient_boosting,modified_entropy,AUC,0.5116927139047025,0.5069597404113158,0.5166433003243955,0.0096835599130797,0.95,50,24421,24421
adult_income,hist_gradient_boosting,modified_entropy,TPR@1%FPR,0.0097241445204264,0.007746076919227,0.012301912288604,0.0045558353693769,0.95,50,24421,24421
adult_income,hist_gradient_boosting,modified_entropy,membership_advantage@1%FPR,-0.0002758554795735,-0.0017321785894653,0.0020565701650219,0.0037887487544872,0.95,50,24421,24421
adult_income,hist_gradient_boosting,modified_entropy,TPR@0.1%FPR,0.0006551738258056,0.0003368002948282,0.0011307458744523,0.000793945579624,0.95,50,24421,24421
adult_income,hist_gradient_boosting,modified_entropy,membership_advantage@0.1%FPR,-0.0003448261741943,-0.000581302976946,0.000260185905573,0.0008414888825191,0.95,50,24421,24421
adult_income,extra_trees,neg_loss,AUC,0.8696655061924982,0.867268939863822,0.872621830211422,0.0053528903476,0.95,50,24421,24421
adult_income,extra_trees,neg_loss,TPR@1%FPR,0.0383765519409083,0.037596722177136,0.0392017763218356,0.0016050541446995,0.95,50,24421,24421
adult_income,extra_trees,neg_loss,membership_advantage@1%FPR,0.0283765519409083,0.0275408836133557,0.0290631717017271,0.0015222880883714,0.95,50,24421,24421
adult_income,extra_trees,neg_loss,TPR@0.1%FPR,0.0038376551940908,0.0037460693732143,0.0038845610966849,0.0001384917234706,0.95,50,24421,24421
adult_income,extra_trees,neg_loss,membership_advantage@0.1%FPR,0.0028376551940908,0.0027785363903763,0.0029036110818788,0.0001250746915024,0.95,50,24421,24421
adult_income,extra_trees,confidence,AUC,0.8679524347920607,0.8652523470772813,0.870702725794819,0.0054503787175377,0.95,50,24421,24421
adult_income,extra_trees,confidence,TPR@1%FPR,0.0378824076946943,0.0371571699074184,0.0386703483768804,0.0015131784694619,0.95,50,24421,24421
adult_income,extra_trees,confidence,membership_advantage@1%FPR,0.0278824076946943,0.02699578745534,0.0285796398715465,0.0015838524162065,0.95,50,24421,24421
adult_income,extra_trees,confidence,TPR@0.1%FPR,0.0037882407694694,0.0037020180410105,0.0038400554365993,0.0001380373955887,0.95,50,24421,24421
adult_income,extra_trees,confidence,membership_advantage@0.1%FPR,0.0027882407694694,0.0027280359582877,0.0028546284290297,0.000126592470742,0.95,50,24421,24421
adult_income,extra_trees,neg_entropy,AUC,0.8679524347920607,0.8652523470772813,0.870702725794819,0.0054503787175377,0.95,50,24421,24421
adult_income,extra_trees,neg_entropy,TPR@1%FPR,0.0378824076946943,0.0371571699074184,0.0386703483768804,0.0015131784694619,0.95,50,24421,24421
adult_income,extra_trees,neg_entropy,membership_advantage@1%FPR,0.0278824076946943,0.02699578745534,0.0285796398715465,0.0015838524162065,0.95,50,24421,24421
adult_income,extra_trees,neg_entropy,TPR@0.1%FPR,0.0037882407694694,0.0037020180410105,0.0038400554365993,0.0001380373955887,0.95,50,24421,24421
adult_income,extra_trees,neg_entropy,membership_advantage@0.1%FPR,0.0027882407694694,0.0027280359582877,0.0028546284290297,0.000126592470742,0.95,50,24421,24421
adult_income,extra_trees,modified_entropy,AUC,0.8696655061924982,0.867268939863822,0.872621830211422,0.0053528903476,0.95,50,24421,24421
adult_income,extra_trees,modified_entropy,TPR@1%FPR,0.0383765519409083,0.037596722177136,0.0392017763218356,0.0016050541446995,0.95,50,24421,24421
adult_income,extra_trees,modified_entropy,membership_advantage@1%FPR,0.0283765519409083,0.0275408836133557,0.0290631717017271,0.0015222880883714,0.95,50,24421,24421
adult_income,extra_trees,modified_entropy,TPR@0.1%FPR,0.0038376551940908,0.0037460693732143,0.0038845610966849,0.0001384917234706,0.95,50,24421,24421
adult_income,extra_trees,modified_entropy,membership_advantage@0.1%FPR,0.0028376551940908,0.0027785363903763,0.0029036110818788,0.0001250746915024,0.95,50,24421,24421
adult_income,small_mlp,neg_loss,AUC,0.5129719491163599,0.5083579189797556,0.5185901952509921,0.0102322762712365,0.95,50,24421,24421
adult_income,small_mlp,neg_loss,TPR@1%FPR,0.0098742885221735,0.0083626796609475,0.011512251238688,0.0031495715777404,0.95,50,24421,24421
adult_income,small_mlp,neg_loss,membership_advantage@1%FPR,-0.0001257114778264,-0.0019621202039228,0.0012055198394824,0.0031676400434052,0.95,50,24421,24421
adult_income,small_mlp,neg_loss,TPR@0.1%FPR,0.001065868263473,0.0008783988864942,0.0013199829240526,0.0004415840375584,0.95,50,24421,24421
adult_income,small_mlp,neg_loss,membership_advantage@0.1%FPR,6.586826347305388e-05,-7.409281894576006e-05,0.0002737870619946,0.0003478798809403,0.95,50,24421,24421
adult_income,small_mlp,confidence,AUC,0.5044619950613433,0.5003040278959552,0.5097487357379121,0.0094447078419569,0.95,50,24421,24421
adult_income,small_mlp,confidence,TPR@1%FPR,0.0097952581794357,0.0081551635887146,0.0111829982392203,0.0030278346505057,0.95,50,24421,24421
adult_income,small_mlp,confidence,membership_advantage@1%FPR,-0.0002047418205642,-0.0021073717292494,0.0011604766389582,0.0032678483682076,0.95,50,24421,24421
adult_income,small_mlp,confidence,TPR@0.1%FPR,0.0010591715976331,0.0008750244263508,0.0013148951048951,0.0004398706785442,0.95,50,24421,24421
adult_income,small_mlp,confidence,membership_advantage@0.1%FPR,5.917159763313613e-05,-8.309925093632964e-05,0.0002623032849503,0.0003454025358866,0.95,50,24421,24421
adult_income,small_mlp,neg_entropy,AUC,0.5044598328683321,0.5003012590271328,0.5097462870899584,0.0094450280628255,0.95,50,24421,24421
adult_income,small_mlp,neg_entropy,TPR@1%FPR,0.0098276073870848,0.0081128946398591,0.0111829982392203,0.0030701035993612,0.95,50,24421,24421
adult_income,small_mlp,neg_entropy,membership_advantage@1%FPR,-0.0001723926129151,-0.0020826337987797,0.0011604766389582,0.003243110437738,0.95,50,24421,24421
adult_income,small_mlp,neg_entropy,TPR@0.1%FPR,0.0009692307692307,0.0007724024827168,0.0013869197247706,0.0006145172420537,0.95,50,24421,24421
adult_income,small_mlp,neg_entropy,membership_advantage@0.1%FPR,-3.07692307692307e-05,-0.0001788163667293,0.0001985088315217,0.000377325198251,0.95,50,24421,24421
adult_income,small_mlp,modified_entropy,AUC,0.5129696586505568,0.5083551756816531,0.5185875673564833,0.0102323916748301,0.95,50,24421,24421
adult_income,small_mlp,modified_entropy,TPR@1%FPR,0.0098685557511977,0.0083626796609475,0.0115105851521231,0.0031479054911756,0.95,50,24421,24421
adult_income,small_mlp,modified_entropy,membership_advantage@1%FPR,-0.0001314442488022,-0.0019649072519552,0.0012055198394824,0.0031704270914376,0.95,50,24421,24421
adult_income,small_mlp,modified_entropy,TPR@0.1%FPR,0.0009692307692307,0.0007724024827168,0.0013869197247706,0.0006145172420537,0.95,50,24421,24421
adult_income,small_mlp,modified_entropy,membership_advantage@0.1%FPR,-3.07692307692307e-05,-0.0001788163667293,0.0001985088315217,0.000377325198251,0.95,50,24421,24421
bank_marketing,logistic_regression,neg_loss,AUC,0.5021225613176207,0.4978832311856743,0.5068450739486696,0.0089618427629952,0.95,50,20594,20594
bank_marketing,logistic_regression,neg_loss,TPR@1%FPR,0.0102457026318345,0.0082281246965135,0.0121333883655433,0.0039052636690298,0.95,50,20594,20594
bank_marketing,logistic_regression,neg_loss,membership_advantage@1%FPR,0.0002457026318345,-0.001577643973973,0.0024623676799067,0.0040400116538797,0.95,50,20594,20594
bank_marketing,logistic_regression,neg_loss,TPR@0.1%FPR,0.0013596193065941,0.0007392929979605,0.0019848013984655,0.001245508400505,0.95,50,20594,20594
bank_marketing,logistic_regression,neg_loss,membership_advantage@0.1%FPR,0.0003596193065941,-0.0003578226667961,0.0011256191123628,0.0014834417791589,0.95,50,20594,20594
bank_marketing,logistic_regression,confidence,AUC,0.5020589108036333,0.4975841821432162,0.5069682879157187,0.0093841057725024,0.95,50,20594,20594
bank_marketing,logistic_regression,confidence,TPR@1%FPR,0.0098572399728076,0.0077643973973001,0.0117170049528989,0.0039526075555987,0.95,50,20594,20594
bank_marketing,logistic_regression,confidence,membership_advantage@1%FPR,-0.0001427600271923,-0.0017342429833932,0.0021770904146838,0.0039113333980771,0.95,50,20594,20594
bank_marketing,logistic_regression,confidence,TPR@0.1%FPR,0.0014081771389725,0.0007392929979605,0.0020928425755074,0.0013535495775468,0.95,50,20594,20594
bank_marketing,logistic_regression,confidence,membership_advantage@0.1%FPR,0.0004081771389725,-0.0003578226667961,0.0011037680877925,0.0014615907545887,0.95,50,20594,20594
bank_marketing,logistic_regression,neg_entropy,AUC,0.5020588848671395,0.4975841346322751,0.5069682298238669,0.0093840951915917,0.95,50,20594,20594
bank_marketing,logistic_regression,neg_entropy,TPR@1%FPR,0.0098572399728076,0.0077643973973001,0.0117170049528989,0.0039526075555987,0.95,50,20594,20594
bank_marketing,logistic_regression,neg_entropy,membership_advantage@1%FPR,-0.0001427600271923,-0.0017342429833932,0.0021770904146838,0.0039113333980771,0.95,50,20594,20594
bank_marketing,logistic_regression,neg_entropy,TPR@0.1%FPR,0.0014081771389725,0.0007392929979605,0.0020928425755074,0.0013535495775468,0.95,50,20594,20594
bank_marketing,logistic_regression,neg_entropy,membership_advantage@0.1%FPR,0.0004081771389725,-0.0003578226667961,0.0011037680877925,0.0014615907545887,0.95,50,20594,20594
bank_marketing,logistic_regression,modified_entropy,AUC,0.5021225589597575,0.4978832289751777,0.506845074597082,0.0089618456219042,0.95,50,20594,20594
bank_marketing,logistic_regression,modified_entropy,TPR@1%FPR,0.0102457026318345,0.0082281246965135,0.0121333883655433,0.0039052636690298,0.95,50,20594,20594
bank_marketing,logistic_regression,modified_entropy,membership_advantage@1%FPR,0.0002457026318345,-0.001577643973973,0.0024623676799067,0.0040400116538797,0.95,50,20594,20594
bank_marketing,logistic_regression,modified_entropy,TPR@0.1%FPR,0.0013596193065941,0.0007392929979605,0.0019848013984655,0.001245508400505,0.95,50,20594,20594
bank_marketing,logistic_regression,modified_entropy,membership_advantage@0.1%FPR,0.0003596193065941,-0.0003578226667961,0.0011256191123628,0.0014834417791589,0.95,50,20594,20594
bank_marketing,random_forest,neg_loss,AUC,0.659716010104443,0.6559962427369211,0.664091685201907,0.0080954424649858,0.95,50,20594,20594
bank_marketing,random_forest,neg_loss,TPR@1%FPR,0.0250330639235855,0.0239298396568772,0.0268976525465828,0.0029678128897055,0.95,50,20594,20594
bank_marketing,random_forest,neg_loss,membership_advantage@1%FPR,0.0150330639235855,0.0138521715845778,0.016269060761746,0.0024168891771682,0.95,50,20594,20594
bank_marketing,random_forest,neg_loss,TPR@0.1%FPR,0.0025033063923585,0.002349427150134,0.0026542519359384,0.0003048247858044,0.95,50,20594,20594
bank_marketing,random_forest,neg_loss,membership_advantage@0.1%FPR,0.0015033063923585,0.001391036095446,0.0016367120915388,0.0002456759960928,0.95,50,20594,20594
bank_marketing,random_forest,confidence,AUC,0.6406970219595052,0.6365379514827983,0.6452495501102918,0.0087115986274934,0.95,50,20594,20594
bank_marketing,random_forest,confidence,TPR@1%FPR,0.0241459957476966,0.0230679776662941,0.0257849672426365,0.0027169895763423,0.95,50,20594,20594
bank_marketing,random_forest,confidence,membership_advantage@1%FPR,0.0141459957476966,0.0129587874697514,0.0153558519734591,0.0023970645037077,0.95,50,20594,20594
bank_marketing,random_forest,confidence,TPR@0.1%FPR,0.0024145995747696,0.0022529042605724,0.0025738680086342,0.0003209637480618,0.95,50,20594,20594
bank_marketing,random_forest,confidence,membership_advantage@0.1%FPR,0.0014145995747696,0.0013081183674815,0.0015522002846934,0.0002440819172119,0.95,50,20594,20594
bank_marketing,random_forest,neg_entropy,AUC,0.6406970219595052,0.6365379514827983,0.6452495501102918,0.0087115986274934,0.95,50,20594,20594
bank_marketing,random_forest,neg_entropy,TPR@1%FPR,0.0241459957476966,0.0230679776662941,0.0257849672426365,0.0027169895763423,0.95,50,20594,20594
bank_marketing,random_forest,neg_entropy,membership_advantage@1%FPR,0.0141459957476966,0.0129587874697514,0.0153558519734591,0.0023970645037077,0.95,50,20594,20594
bank_marketing,random_forest,neg_entropy,TPR@0.1%FPR,0.0024145995747696,0.0022529042605724,0.0025738680086342,0.0003209637480618,0.95,50,20594,20594
bank_marketing,random_forest,neg_entropy,membership_advantage@0.1%FPR,0.0014145995747696,0.0013081183674815,0.0015522002846934,0.0002440819172119,0.95,50,20594,20594
bank_marketing,random_forest,modified_entropy,AUC,0.659716010104443,0.6559962427369211,0.664091685201907,0.0080954424649858,0.95,50,20594,20594
bank_marketing,random_forest,modified_entropy,TPR@1%FPR,0.0250330639235855,0.0239298396568772,0.0268976525465828,0.0029678128897055,0.95,50,20594,20594
bank_marketing,random_forest,modified_entropy,membership_advantage@1%FPR,0.0150330639235855,0.0138521715845778,0.016269060761746,0.0024168891771682,0.95,50,20594,20594
bank_marketing,random_forest,modified_entropy,TPR@0.1%FPR,0.0025033063923585,0.002349427150134,0.0026542519359384,0.0003048247858044,0.95,50,20594,20594
bank_marketing,random_forest,modified_entropy,membership_advantage@0.1%FPR,0.0015033063923585,0.001391036095446,0.0016367120915388,0.0002456759960928,0.95,50,20594,20594
bank_marketing,hist_gradient_boosting,neg_loss,AUC,0.5121685435146792,0.507204767200208,0.5176365376500889,0.0104317704498808,0.95,50,20594,20594
bank_marketing,hist_gradient_boosting,neg_loss,TPR@1%FPR,0.0120909002622122,0.0102189958240264,0.0146535398659803,0.0044345440419539,0.95,50,20594,20594
bank_marketing,hist_gradient_boosting,neg_loss,membership_advantage@1%FPR,0.0020909002622122,8.667573079537824e-05,0.0042104496455278,0.0041237739147324,0.95,50,20594,20594
bank_marketing,hist_gradient_boosting,neg_loss,TPR@0.1%FPR,0.0013596193065941,0.0006531028454889,0.0019313877828493,0.0012782849373603,0.95,50,20594,20594
bank_marketing,hist_gradient_boosting,neg_loss,membership_advantage@0.1%FPR,0.0003596193065941,-0.0002676544139069,0.0008841279013304,0.0011517823152374,0.95,50,20594,20594
bank_marketing,hist_gradient_boosting,confidence,AUC,0.5047361971378768,0.4988236530584516,0.5106108153727278,0.0117871623142761,0.95,50,20594,20594
bank_marketing,hist_gradient_boosting,confidence,TPR@1%FPR,0.0120909002622122,0.0100138389822278,0.0146037680877925,0.0045899291055647,0.95,50,20594,20594
bank_marketing,hist_gradient_boosting,confidence,membership_advantage@1%FPR,0.0020909002622122,-4.321647081674193e-05,0.0038280567155482,0.0038712731863649,0.95,50,20594,20594
bank_marketing,hist_gradient_boosting,confidence,TPR@0.1%FPR,0.0013596193065941,0.0006531028454889,0.0019313877828493,0.0012782849373603,0.95,50,20594,20594
bank_marketing,hist_gradient_boosting,confidence,membership_advantage@0.1%FPR,0.0003596193065941,-0.0002676544139069,0.0008841279013304,0.0011517823152374,0.95,50,20594,20594
bank_marketing,hist_gradient_boosting,neg_entropy,AUC,0.5047361947800136,0.4988236618414916,0.5106108235957754,0.0117871617542837,0.95,50,20594,20594
bank_marketing,hist_gradient_boosting,neg_entropy,TPR@1%FPR,0.0120909002622122,0.0100138389822278,0.0146037680877925,0.0045899291055647,0.95,50,20594,20594
bank_marketing,hist_gradient_boosting,neg_entropy,membership_advantage@1%FPR,0.0020909002622122,-4.321647081674193e-05,0.0038280567155482,0.0038712731863649,0.95,50,20594,20594
bank_marketing,hist_gradient_boosting,neg_entropy,TPR@0.1%FPR,0.0013596193065941,0.0006531028454889,0.0019313877828493,0.0012782849373603,0.95,50,20594,20594
bank_marketing,hist_gradient_boosting,neg_entropy,membership_advantage@0.1%FPR,0.0003596193065941,-0.0002676544139069,0.0008841279013304,0.0011517823152374,0.95,50,20594,20594
bank_marketing,hist_gradient_boosting,modified_entropy,AUC,0.5121685482304053,0.5072047754232555,0.5176365448710446,0.0104317694477891,0.95,50,20594,20594
bank_marketing,hist_gradient_boosting,modified_entropy,TPR@1%FPR,0.0120909002622122,0.0102189958240264,0.0146535398659803,0.0044345440419539,0.95,50,20594,20594
bank_marketing,hist_gradient_boosting,modified_entropy,membership_advantage@1%FPR,0.0020909002622122,8.667573079537824e-05,0.0042104496455278,0.0041237739147324,0.95,50,20594,20594
bank_marketing,hist_gradient_boosting,modified_entropy,TPR@0.1%FPR,0.0013596193065941,0.0006531028454889,0.0019313877828493,0.0012782849373603,0.95,50,20594,20594
bank_marketing,hist_gradient_boosting,modified_entropy,membership_advantage@0.1%FPR,0.0003596193065941,-0.0002676544139069,0.0008841279013304,0.0011517823152374,0.95,50,20594,20594
bank_marketing,extra_trees,neg_loss,AUC,0.8806837586495497,0.877796324172089,0.883531337695707,0.005735013523618,0.95,50,20594,20594
bank_marketing,extra_trees,neg_loss,TPR@1%FPR,0.0437010904425914,0.0427607173367747,0.0447052599929855,0.0019445426562108,0.95,50,20594,20594
bank_marketing,extra_trees,neg_loss,membership_advantage@1%FPR,0.0337010904425914,0.0324872263020943,0.0347689463666888,0.0022817200645944,0.95,50,20594,20594
bank_marketing,extra_trees,neg_loss,TPR@0.1%FPR,0.0043701090442591,0.0042559862648849,0.0044586624168864,0.0002026761520015,0.95,50,20594,20594
bank_marketing,extra_trees,neg_loss,membership_advantage@0.1%FPR,0.0033701090442591,0.0032457688381685,0.0034659740020347,0.0002202051638662,0.95,50,20594,20594
bank_marketing,extra_trees,confidence,AUC,0.8730671959666884,0.8699382157464342,0.8762684014826657,0.0063301857362315,0.95,50,20594,20594
bank_marketing,extra_trees,confidence,TPR@1%FPR,0.0412076612903225,0.0403733016837643,0.0420744648360707,0.0017011631523064,0.95,50,20594,20594
bank_marketing,extra_trees,confidence,membership_advantage@1%FPR,0.0312076612903225,0.0301336871234738,0.032178877487759,0.0020451903642852,0.95,50,20594,20594
bank_marketing,extra_trees,confidence,TPR@0.1%FPR,0.0041207661290322,0.0040067036782396,0.0041899463154295,0.0001832426371899,0.95,50,20594,20594
bank_marketing,extra_trees,confidence,membership_advantage@0.1%FPR,0.0031207661290322,0.002993543260985,0.0032043105219893,0.0002107672610042,0.95,50,20594,20594
bank_marketing,extra_trees,neg_entropy,AUC,0.8730671959666884,0.8699382157464342,0.8762684014826657,0.0063301857362315,0.95,50,20594,20594
bank_marketing,extra_trees,neg_entropy,TPR@1%FPR,0.0412076612903225,0.0403733016837643,0.0420744648360707,0.0017011631523064,0.95,50,20594,20594
bank_marketing,extra_trees,neg_entropy,membership_advantage@1%FPR,0.0312076612903225,0.0301336871234738,0.032178877487759,0.0020451903642852,0.95,50,20594,20594
bank_marketing,extra_trees,neg_entropy,TPR@0.1%FPR,0.0041207661290322,0.0040067036782396,0.0041899463154295,0.0001832426371899,0.95,50,20594,20594
bank_marketing,extra_trees,neg_entropy,membership_advantage@0.1%FPR,0.0031207661290322,0.002993543260985,0.0032043105219893,0.0002107672610042,0.95,50,20594,20594
bank_marketing,extra_trees,modified_entropy,AUC,0.8806837586495497,0.877796324172089,0.883531337695707,0.005735013523618,0.95,50,20594,20594
bank_marketing,extra_trees,modified_entropy,TPR@1%FPR,0.0437010904425914,0.0427607173367747,0.0447052599929855,0.0019445426562108,0.95,50,20594,20594
bank_marketing,extra_trees,modified_entropy,membership_advantage@1%FPR,0.0337010904425914,0.0324872263020943,0.0347689463666888,0.0022817200645944,0.95,50,20594,20594
bank_marketing,extra_trees,modified_entropy,TPR@0.1%FPR,0.0043701090442591,0.0042559862648849,0.0044586624168864,0.0002026761520015,0.95,50,20594,20594
bank_marketing,extra_trees,modified_entropy,membership_advantage@0.1%FPR,0.0033701090442591,0.0032457688381685,0.0034659740020347,0.0002202051638662,0.95,50,20594,20594
bank_marketing,small_mlp,neg_loss,AUC,0.5070553747635217,0.5032186455092342,0.5118797813278163,0.008661135818582,0.95,50,20594,20594
bank_marketing,small_mlp,neg_loss,TPR@1%FPR,0.0115567641060503,0.0090863843838011,0.0132502185102457,0.0041638341264445,0.95,50,20594,20594
bank_marketing,small_mlp,neg_loss,membership_advantage@1%FPR,0.0015567641060503,-0.0009949499854326,0.0032878508303389,0.0042828008157715,0.95,50,20594,20594
bank_marketing,small_mlp,neg_loss,TPR@0.1%FPR,0.0010682723123239,0.0005826939885403,0.0015805574439157,0.0009978634553753,0.95,50,20594,20594
bank_marketing,small_mlp,neg_loss,membership_advantage@0.1%FPR,6.827231232397774e-05,-0.0004549383315528,0.0004458094590657,0.0009007477906186,0.95,50,20594,20594
bank_marketing,small_mlp,confidence,AUC,0.5027475565488426,0.498227491044388,0.5092151481416138,0.0109876570972258,0.95,50,20594,20594
bank_marketing,small_mlp,confidence,TPR@1%FPR,0.0114596484412935,0.0086020200058269,0.0132502185102457,0.0046481985044187,0.95,50,20594,20594
bank_marketing,small_mlp,confidence,membership_advantage@1%FPR,0.0014596484412935,-0.0008602020005826,0.003002573565116,0.0038627755656987,0.95,50,20594,20594
bank_marketing,small_mlp,confidence,TPR@0.1%FPR,0.0010682723123239,0.0005826939885403,0.0015805574439157,0.0009978634553753,0.95,50,20594,20594
bank_marketing,small_mlp,confidence,membership_advantage@0.1%FPR,6.827231232397774e-05,-0.0004549383315528,0.0004458094590657,0.0009007477906186,0.95,50,20594,20594
bank_marketing,small_mlp,neg_entropy,AUC,0.5027475600856371,0.4982275113514838,0.5092151607561815,0.0109876494046976,0.95,50,20594,20594
bank_marketing,small_mlp,neg_entropy,TPR@1%FPR,0.0114596484412935,0.0086020200058269,0.0132502185102457,0.0046481985044187,0.95,50,20594,20594
bank_marketing,small_mlp,neg_entropy,membership_advantage@1%FPR,0.0014596484412935,-0.0008602020005826,0.003002573565116,0.0038627755656987,0.95,50,20594,20594
bank_marketing,small_mlp,neg_entropy,TPR@0.1%FPR,0.0010682723123239,0.0005826939885403,0.0015805574439157,0.0009978634553753,0.95,50,20594,20594
bank_marketing,small_mlp,neg_entropy,membership_advantage@0.1%FPR,6.827231232397774e-05,-0.0004549383315528,0.0004458094590657,0.0009007477906186,0.95,50,20594,20594
bank_marketing,small_mlp,modified_entropy,AUC,0.507055381837111,0.5032186389072176,0.5118798105653186,0.0086611716581009,0.95,50,20594,20594
bank_marketing,small_mlp,modified_entropy,TPR@1%FPR,0.0115567641060503,0.0090863843838011,0.0132502185102457,0.0041638341264445,0.95,50,20594,20594
bank_marketing,small_mlp,modified_entropy,membership_advantage@1%FPR,0.0015567641060503,-0.0009949499854326,0.0032878508303389,0.0042828008157715,0.95,50,20594,20594
bank_marketing,small_mlp,modified_entropy,TPR@0.1%FPR,0.0010682723123239,0.0005826939885403,0.0015805574439157,0.0009978634553753,0.95,50,20594,20594
bank_marketing,small_mlp,modified_entropy,membership_advantage@0.1%FPR,6.827231232397774e-05,-0.0004549383315528,0.0004458094590657,0.0009007477906186,0.95,50,20594,20594
diabetes_readmission,logistic_regression,neg_loss,AUC,0.503825830484123,0.5001093255554098,0.5065576596665349,0.0064483341111251,0.95,50,50883,50883
diabetes_readmission,logistic_regression,neg_loss,TPR@1%FPR,0.0105929288760489,0.0094972780692962,0.0119573334905567,0.0024600554212605,0.95,50,50883,50883
diabetes_readmission,logistic_regression,neg_loss,membership_advantage@1%FPR,0.0005929288760489,-0.0003174930723424,0.0019096751370791,0.0022271682094216,0.95,50,50883,50883
diabetes_readmission,logistic_regression,neg_loss,TPR@0.1%FPR,0.0010022993927244,0.000746811312226,0.0013560521195684,0.0006092408073423,0.95,50,50883,50883
diabetes_readmission,logistic_regression,neg_loss,membership_advantage@0.1%FPR,2.2993927244856216e-06,-0.000366684354303,0.0004936226244521,0.0008603069787551,0.95,50,50883,50883
diabetes_readmission,logistic_regression,confidence,AUC,0.4988437599998491,0.4949759126118191,0.5017012583394841,0.0067253457276649,0.95,50,50883,50883
diabetes_readmission,logistic_regression,confidence,TPR@1%FPR,0.0105143171589725,0.0094244737928188,0.0118330287129296,0.0024085549201108,0.95,50,50883,50883
diabetes_readmission,logistic_regression,confidence,membership_advantage@1%FPR,0.0005143171589725,-0.0003961047894188,0.0019052532279936,0.0023013580174124,0.95,50,50883,50883
diabetes_readmission,logistic_regression,confidence,TPR@0.1%FPR,0.0010022993927244,0.000746811312226,0.0013560521195684,0.0006092408073423,0.95,50,50883,50883
diabetes_readmission,logistic_regression,confidence,membership_advantage@0.1%FPR,2.2993927244856216e-06,-0.000366684354303,0.0004562820588408,0.0008229664131438,0.95,50,50883,50883
diabetes_readmission,logistic_regression,neg_entropy,AUC,0.498843755944354,0.4949758923391716,0.5017012396986905,0.0067253473595188,0.95,50,50883,50883
diabetes_readmission,logistic_regression,neg_entropy,TPR@1%FPR,0.0105143171589725,0.0094363539885619,0.0118330287129296,0.0023966747243676,0.95,50,50883,50883
diabetes_readmission,logistic_regression,neg_entropy,membership_advantage@1%FPR,0.0005143171589725,-0.0003961047894188,0.0019052532279936,0.0023013580174124,0.95,50,50883,50883
diabetes_readmission,logistic_regression,neg_entropy,TPR@0.1%FPR,0.0010022993927244,0.000746811312226,0.0013560521195684,0.0006092408073423,0.95,50,50883,50883
diabetes_readmission,logistic_regression,neg_entropy,membership_advantage@0.1%FPR,2.2993927244856216e-06,-0.000366684354303,0.0004562820588408,0.0008229664131438,0.95,50,50883,50883
diabetes_readmission,logistic_regression,modified_entropy,AUC,0.5038258299047667,0.5001093226779394,0.5065576583147031,0.0064483356367637,0.95,50,50883,50883
diabetes_readmission,logistic_regression,modified_entropy,TPR@1%FPR,0.0105929288760489,0.0094972780692962,0.0119573334905567,0.0024600554212605,0.95,50,50883,50883
diabetes_readmission,logistic_regression,modified_entropy,membership_advantage@1%FPR,0.0005929288760489,-0.0003174930723424,0.0019096751370791,0.0022271682094216,0.95,50,50883,50883
diabetes_readmission,logistic_regression,modified_entropy,TPR@0.1%FPR,0.0010022993927244,0.000746811312226,0.0013560521195684,0.0006092408073423,0.95,50,50883,50883
diabetes_readmission,logistic_regression,modified_entropy,membership_advantage@0.1%FPR,2.2993927244856216e-06,-0.000366684354303,0.0004936226244521,0.0008603069787551,0.95,50,50883,50883
diabetes_readmission,random_forest,neg_loss,AUC,0.7989681991205796,0.7967962892962542,0.8009359791571097,0.0041396898608554,0.95,50,50883,50883
diabetes_readmission,random_forest,neg_loss,TPR@1%FPR,0.1158444768472476,0.1077273728565773,0.1245456273321718,0.0168182544755945,0.95,50,50883,50883
diabetes_readmission,random_forest,neg_loss,membership_advantage@1%FPR,0.1058444768472476,0.0992357300879691,0.1127961624769344,0.0135604323889653,0.95,50,50883,50883
diabetes_readmission,random_forest,neg_loss,TPR@0.1%FPR,0.0125781249999999,0.0109749034749034,0.0156940701187959,0.0047191666438924,0.95,50,50883,50883
diabetes_readmission,random_forest,neg_loss,membership_advantage@0.1%FPR,0.0115781249999999,0.0092238816738816,0.0138862745098039,0.0046623928359222,0.95,50,50883,50883
diabetes_readmission,random_forest,confidence,AUC,0.7809355755214067,0.7784546679802871,0.7831387436922186,0.0046840757119315,0.95,50,50883,50883
diabetes_readmission,random_forest,confidence,TPR@1%FPR,0.1136694380635013,0.1042169886121769,0.1220154443887141,0.0177984557765372,0.95,50,50883,50883
diabetes_readmission,random_forest,confidence,membership_advantage@1%FPR,0.1036694380635013,0.0972473736137895,0.1106039578383916,0.013356584224602,0.95,50,50883,50883
diabetes_readmission,random_forest,confidence,TPR@0.1%FPR,0.0123846153846153,0.0108079189189189,0.0153381759089033,0.0045302569899843,0.95,50,50883,50883
diabetes_readmission,random_forest,confidence,membership_advantage@0.1%FPR,0.0113846153846153,0.0091603896103896,0.0137193939393939,0.0045590043290043,0.95,50,50883,50883
diabetes_readmission,random_forest,neg_entropy,AUC,0.7809355755214067,0.7784546679802871,0.7831387436922186,0.0046840757119315,0.95,50,50883,50883
diabetes_readmission,random_forest,neg_entropy,TPR@1%FPR,0.1136694380635013,0.1042169886121769,0.1220154443887141,0.0177984557765372,0.95,50,50883,50883
diabetes_readmission,random_forest,neg_entropy,membership_advantage@1%FPR,0.1036694380635013,0.0972473736137895,0.1106039578383916,0.013356584224602,0.95,50,50883,50883
diabetes_readmission,random_forest,neg_entropy,TPR@0.1%FPR,0.0123846153846153,0.0108079189189189,0.0153381759089033,0.0045302569899843,0.95,50,50883,50883
diabetes_readmission,random_forest,neg_entropy,membership_advantage@0.1%FPR,0.0113846153846153,0.0091603896103896,0.0137193939393939,0.0045590043290043,0.95,50,50883,50883
diabetes_readmission,random_forest,modified_entropy,AUC,0.7989681991205796,0.7967962892962542,0.8009359791571097,0.0041396898608554,0.95,50,50883,50883
diabetes_readmission,random_forest,modified_entropy,TPR@1%FPR,0.1158444768472476,0.1077273728565773,0.1245456273321718,0.0168182544755945,0.95,50,50883,50883
diabetes_readmission,random_forest,modified_entropy,membership_advantage@1%FPR,0.1058444768472476,0.0992357300879691,0.1127961624769344,0.0135604323889653,0.95,50,50883,50883
diabetes_readmission,random_forest,modified_entropy,TPR@0.1%FPR,0.0125781249999999,0.0109749034749034,0.0156940701187959,0.0047191666438924,0.95,50,50883,50883
diabetes_readmission,random_forest,modified_entropy,membership_advantage@0.1%FPR,0.0115781249999999,0.0092238816738816,0.0138862745098039,0.0046623928359222,0.95,50,50883,50883
diabetes_readmission,hist_gradient_boosting,neg_loss,AUC,0.5068766792214405,0.5034551129067237,0.50944979866454,0.0059946857578162,0.95,50,50883,50883
diabetes_readmission,hist_gradient_boosting,neg_loss,TPR@1%FPR,0.0096659002024251,0.0088089342216457,0.0106322347345871,0.0018233005129414,0.95,50,50883,50883
diabetes_readmission,hist_gradient_boosting,neg_loss,membership_advantage@1%FPR,-0.0003340997975748,-0.0014529410608651,0.0010316805219818,0.0024846215828469,0.95,50,50883,50883
diabetes_readmission,hist_gradient_boosting,neg_loss,TPR@0.1%FPR,0.0012075054536878,0.0007232277971031,0.0016666783601595,0.0009434505630564,0.95,50,50883,50883
diabetes_readmission,hist_gradient_boosting,neg_loss,membership_advantage@0.1%FPR,0.0002075054536878,-0.0001111962738046,0.0006322342432639,0.0007434305170685,0.95,50,50883,50883
diabetes_readmission,hist_gradient_boosting,confidence,AUC,0.5000452734230229,0.4964203433407723,0.5037606366043375,0.0073402932635651,0.95,50,50883,50883
diabetes_readmission,hist_gradient_boosting,confidence,TPR@1%FPR,0.0096659002024251,0.0088089342216457,0.0106322347345871,0.0018233005129414,0.95,50,50883,50883
diabetes_readmission,hist_gradient_boosting,confidence,membership_advantage@1%FPR,-0.0003340997975748,-0.0014529410608651,0.0010316805219818,0.0024846215828469,0.95,50,50883,50883
diabetes_readmission,hist_gradient_boosting,confidence,TPR@0.1%FPR,0.0012075054536878,0.0007232277971031,0.0016666783601595,0.0009434505630564,0.95,50,50883,50883
diabetes_readmission,hist_gradient_boosting,confidence,membership_advantage@0.1%FPR,0.0002075054536878,-0.0001111962738046,0.0006322342432639,0.0007434305170685,0.95,50,50883,50883
diabetes_readmission,hist_gradient_boosting,neg_entropy,AUC,0.5000452734230229,0.4964203482411622,0.5037606318777544,0.0073402836365921,0.95,50,50883,50883
diabetes_readmission,hist_gradient_boosting,neg_entropy,TPR@1%FPR,0.0096659002024251,0.0088089342216457,0.0106322347345871,0.0018233005129414,0.95,50,50883,50883
diabetes_readmission,hist_gradient_boosting,neg_entropy,membership_advantage@1%FPR,-0.0003340997975748,-0.0014529410608651,0.0010316805219818,0.0024846215828469,0.95,50,50883,50883
diabetes_readmission,hist_gradient_boosting,neg_entropy,TPR@0.1%FPR,0.0012075054536878,0.0007232277971031,0.0016666783601595,0.0009434505630564,0.95,50,50883,50883
diabetes_readmission,hist_gradient_boosting,neg_entropy,membership_advantage@0.1%FPR,0.0002075054536878,-0.0001111962738046,0.0006322342432639,0.0007434305170685,0.95,50,50883,50883
diabetes_readmission,hist_gradient_boosting,modified_entropy,AUC,0.5068766788352028,0.5034551121294204,0.5094497975492789,0.0059946854198584,0.95,50,50883,50883
diabetes_readmission,hist_gradient_boosting,modified_entropy,TPR@1%FPR,0.0096659002024251,0.0088089342216457,0.0106322347345871,0.0018233005129414,0.95,50,50883,50883
diabetes_readmission,hist_gradient_boosting,modified_entropy,membership_advantage@1%FPR,-0.0003340997975748,-0.0014529410608651,0.0010316805219818,0.0024846215828469,0.95,50,50883,50883
diabetes_readmission,hist_gradient_boosting,modified_entropy,TPR@0.1%FPR,0.0012075054536878,0.0007232277971031,0.0016666783601595,0.0009434505630564,0.95,50,50883,50883
diabetes_readmission,hist_gradient_boosting,modified_entropy,membership_advantage@0.1%FPR,0.0002075054536878,-0.0001111962738046,0.0006322342432639,0.0007434305170685,0.95,50,50883,50883
diabetes_readmission,extra_trees,neg_loss,AUC,0.9982017569718766,0.9980270915629974,0.9984189218403005,0.0003918302773029,0.95,50,50883,50883
diabetes_readmission,extra_trees,neg_loss,TPR@1%FPR,1.0,1.0,1.0,0.0,0.95,50,50883,50883
diabetes_readmission,extra_trees,neg_loss,membership_advantage@1%FPR,0.99,0.99,0.99,0.0,0.95,50,50883,50883
diabetes_readmission,extra_trees,neg_loss,TPR@0.1%FPR,0.2780491803278688,0.2512163407102419,0.3211385541930379,0.0699222134827959,0.95,50,50883,50883
diabetes_readmission,extra_trees,neg_loss,membership_advantage@0.1%FPR,0.2770491803278688,0.2392700902038809,0.3088391103104213,0.0695690201065404,0.95,50,50883,50883
diabetes_readmission,extra_trees,confidence,AUC,0.9981821040426077,0.9979998231236366,0.9984090953756656,0.0004092722520291,0.95,50,50883,50883
diabetes_readmission,extra_trees,confidence,TPR@1%FPR,1.0,1.0,1.0,0.0,0.95,50,50883,50883
diabetes_readmission,extra_trees,confidence,membership_advantage@1%FPR,0.99,0.99,0.99,0.0,0.95,50,50883,50883
diabetes_readmission,extra_trees,confidence,TPR@0.1%FPR,0.2750432432432432,0.2475497180182752,0.3151709655908242,0.067621247572549,0.95,50,50883,50883
diabetes_readmission,extra_trees,confidence,membership_advantage@0.1%FPR,0.2740432432432432,0.2370221946162959,0.3088391103104213,0.0718169156941254,0.95,50,50883,50883
diabetes_readmission,extra_trees,neg_entropy,AUC,0.9981821040426077,0.9979998231236366,0.9984090953756656,0.0004092722520291,0.95,50,50883,50883
diabetes_readmission,extra_trees,neg_entropy,TPR@1%FPR,1.0,1.0,1.0,0.0,0.95,50,50883,50883
diabetes_readmission,extra_trees,neg_entropy,membership_advantage@1%FPR,0.99,0.99,0.99,0.0,0.95,50,50883,50883
diabetes_readmission,extra_trees,neg_entropy,TPR@0.1%FPR,0.2750432432432432,0.2475497180182752,0.3151709655908242,0.067621247572549,0.95,50,50883,50883
diabetes_readmission,extra_trees,neg_entropy,membership_advantage@0.1%FPR,0.2740432432432432,0.2370221946162959,0.3088391103104213,0.0718169156941254,0.95,50,50883,50883
diabetes_readmission,extra_trees,modified_entropy,AUC,0.9982017569718766,0.9980270915629974,0.9984189218403005,0.0003918302773029,0.95,50,50883,50883
diabetes_readmission,extra_trees,modified_entropy,TPR@1%FPR,1.0,1.0,1.0,0.0,0.95,50,50883,50883
diabetes_readmission,extra_trees,modified_entropy,membership_advantage@1%FPR,0.99,0.99,0.99,0.0,0.95,50,50883,50883
diabetes_readmission,extra_trees,modified_entropy,TPR@0.1%FPR,0.2780491803278688,0.2512163407102419,0.3211385541930379,0.0699222134827959,0.95,50,50883,50883
diabetes_readmission,extra_trees,modified_entropy,membership_advantage@0.1%FPR,0.2770491803278688,0.2392700902038809,0.3088391103104213,0.0695690201065404,0.95,50,50883,50883
diabetes_readmission,small_mlp,neg_loss,AUC,0.5103011613019532,0.507095345149301,0.5135070945232308,0.0064117493739298,0.95,50,50883,50883
diabetes_readmission,small_mlp,neg_loss,TPR@1%FPR,0.0113004343297368,0.0096132303519839,0.012869720731875,0.0032564903798911,0.95,50,50883,50883
diabetes_readmission,small_mlp,neg_loss,membership_advantage@1%FPR,0.0013004343297368,0.0004642021893363,0.0035158107815969,0.0030516085922606,0.95,50,50883,50883
diabetes_readmission,small_mlp,neg_loss,TPR@0.1%FPR,0.0016704989878741,0.0012209382308433,0.0021763123243519,0.0009553740935086,0.95,50,50883,50883
diabetes_readmission,small_mlp,neg_loss,membership_advantage@0.1%FPR,0.0006704989878741,0.000183597665232,0.0012163590983236,0.0010327614330916,0.95,50,50883,50883
diabetes_readmission,small_mlp,confidence,AUC,0.4998369955541372,0.4959828242949844,0.5034939657133511,0.0075111414183666,0.95,50,50883,50883
diabetes_readmission,small_mlp,confidence,TPR@1%FPR,0.0108877228150855,0.0091739873828194,0.0122275612680069,0.0030535738851875,0.95,50,50883,50883
diabetes_readmission,small_mlp,confidence,membership_advantage@1%FPR,0.0008877228150855,-3.7930153489377334e-05,0.0029036220348642,0.0029415521883536,0.95,50,50883,50883
diabetes_readmission,small_mlp,confidence,TPR@0.1%FPR,0.0012774404024919,0.000923687675648,0.001661655169703,0.0007379674940549,0.95,50,50883,50883
diabetes_readmission,small_mlp,confidence,membership_advantage@0.1%FPR,0.0002774404024919,-0.0003332743745455,0.0008139653715386,0.0011472397460841,0.95,50,50883,50883
diabetes_readmission,small_mlp,neg_entropy,AUC,0.4998369953610184,0.4959828253329981,0.5034939552028598,0.0075111298698616,0.95,50,50883,50883
diabetes_readmission,small_mlp,neg_entropy,TPR@1%FPR,0.0108877228150855,0.0091739873828194,0.0122275612680069,0.0030535738851875,0.95,50,50883,50883
diabetes_readmission,small_mlp,neg_entropy,membership_advantage@1%FPR,0.0008877228150855,-3.7930153489377334e-05,0.0029036220348642,0.0029415521883536,0.95,50,50883,50883
diabetes_readmission,small_mlp,neg_entropy,TPR@0.1%FPR,0.0012774404024919,0.000923687675648,0.001661655169703,0.0007379674940549,0.95,50,50883,50883
diabetes_readmission,small_mlp,neg_entropy,membership_advantage@0.1%FPR,0.0002774404024919,-0.0003332743745455,0.0008139653715386,0.0011472397460841,0.95,50,50883,50883
diabetes_readmission,small_mlp,modified_entropy,AUC,0.5103011613019532,0.5070953388439717,0.5135071013837768,0.006411762539805,0.95,50,50883,50883
diabetes_readmission,small_mlp,modified_entropy,TPR@1%FPR,0.0113004343297368,0.0096132303519839,0.012869720731875,0.0032564903798911,0.95,50,50883,50883
diabetes_readmission,small_mlp,modified_entropy,membership_advantage@1%FPR,0.0013004343297368,0.0004642021893363,0.0035158107815969,0.0030516085922606,0.95,50,50883,50883
diabetes_readmission,small_mlp,modified_entropy,TPR@0.1%FPR,0.0016704989878741,0.0012209382308433,0.0021834404417978,0.0009625022109545,0.95,50,50883,50883
diabetes_readmission,small_mlp,modified_entropy,membership_advantage@0.1%FPR,0.0006704989878741,0.000183597665232,0.0012163590983236,0.0010327614330916,0.95,50,50883,50883
